INSERT INTO pet_types (name) VALUES
    ('Dog'),
    ('Cat'),
    ('Bird'),
    ('Rabbit'),
    ('Hamster');

INSERT INTO specialties (name) VALUES
    ('Surgery'),
    ('Dentistry'),
    ('Radiology'),
    ('Cardiology'),
    ('Neurology');

INSERT INTO owners (id, first_name, last_name, street, city, telephone) VALUES
    ('00000000-0000-0000-0000-000000000001', 'George',  'Franklin',  '110 W. Liberty St.',      'Madison',    '6085551023'),
    ('00000000-0000-0000-0000-000000000002', 'Betty',   'Davis',     '638 Cardinal Ave.',       'Sun Prairie','6085551749'),
    ('00000000-0000-0000-0000-000000000003', 'Eduardo', 'Rodriquez', '2693 Commerce St.',       'McFarland',  '6085558763'),
    ('00000000-0000-0000-0000-000000000004', 'Harold',  'Davis',     '563 Friendly St.',        'Windsor',    '6085553198'),
    ('00000000-0000-0000-0000-000000000005', 'Peter',   'McTavish',  '2387 S. Fair Way',        'Madison',    '6085552765'),
    ('00000000-0000-0000-0000-000000000006', 'Jean',    'Coleman',   '105 N. Lake St.',         'Monona',     '6085552654'),
    ('00000000-0000-0000-0000-000000000007', 'Jeff',    'Black',     '1450 Oak Blvd.',          'Monona',     '6085555387'),
    ('00000000-0000-0000-0000-000000000008', 'Maria',   'Escobito',  '345 Maple St.',           'Madison',    '6085557683'),
    ('00000000-0000-0000-0000-000000000009', 'David',   'Schroeder', '2749 Blackhawk Trail',    'Madison',    '6085559435'),
    ('00000000-0000-0000-0000-000000000010', 'Carlos',  'Estaban',   '2335 Independence La.',   'Waunakee',   '6085555487');

INSERT INTO pets (id, owner_id, name, birth_date, type) VALUES
    ('00000000-0000-0000-0001-000000000001', '00000000-0000-0000-0000-000000000001', 'Leo',      '2010-09-07', 'Cat'),
    ('00000000-0000-0000-0001-000000000002', '00000000-0000-0000-0000-000000000002', 'Basil',    '2012-08-06', 'Hamster'),
    ('00000000-0000-0000-0001-000000000003', '00000000-0000-0000-0000-000000000003', 'Rosy',     '2011-04-17', 'Dog'),
    ('00000000-0000-0000-0001-000000000004', '00000000-0000-0000-0000-000000000003', 'Jewel',    '2010-03-07', 'Dog'),
    ('00000000-0000-0000-0001-000000000005', '00000000-0000-0000-0000-000000000004', 'Iggy',     '2010-11-30', 'Rabbit'),
    ('00000000-0000-0000-0001-000000000006', '00000000-0000-0000-0000-000000000005', 'George',   '2010-01-20', 'Bird'),
    ('00000000-0000-0000-0001-000000000007', '00000000-0000-0000-0000-000000000006', 'Samantha', '2012-09-04', 'Cat'),
    ('00000000-0000-0000-0001-000000000008', '00000000-0000-0000-0000-000000000006', 'Max',      '2012-09-04', 'Cat'),
    ('00000000-0000-0000-0001-000000000009', '00000000-0000-0000-0000-000000000007', 'Lucky',    '2011-08-06', 'Bird'),
    ('00000000-0000-0000-0001-000000000010', '00000000-0000-0000-0000-000000000008', 'Mulligan', '2007-02-24', 'Dog'),
    ('00000000-0000-0000-0001-000000000011', '00000000-0000-0000-0000-000000000009', 'Freddy',   '2010-03-09', 'Bird'),
    ('00000000-0000-0000-0001-000000000012', '00000000-0000-0000-0000-000000000010', 'Lucky',    '2010-06-24', 'Dog'),
    ('00000000-0000-0000-0001-000000000013', '00000000-0000-0000-0000-000000000010', 'Sly',      '2012-06-08', 'Cat');

INSERT INTO visits (id, pet_id, visit_date, description) VALUES
    ('00000000-0000-0000-0002-000000000001', '00000000-0000-0000-0001-000000000007', '2023-01-01', 'rabies shot'),
    ('00000000-0000-0000-0002-000000000002', '00000000-0000-0000-0001-000000000008', '2023-01-02', 'rabies shot'),
    ('00000000-0000-0000-0002-000000000003', '00000000-0000-0000-0001-000000000008', '2023-01-03', 'neutered'),
    ('00000000-0000-0000-0002-000000000004', '00000000-0000-0000-0001-000000000007', '2023-01-04', 'spayed');

INSERT INTO vets (id, first_name, last_name) VALUES
    ('00000000-0000-0000-0003-000000000001', 'James',  'Carter'),
    ('00000000-0000-0000-0003-000000000002', 'Helen',  'Leary'),
    ('00000000-0000-0000-0003-000000000003', 'Linda',  'Douglas'),
    ('00000000-0000-0000-0003-000000000004', 'Rafael', 'Ortega'),
    ('00000000-0000-0000-0003-000000000005', 'Henry',  'Stevens'),
    ('00000000-0000-0000-0003-000000000006', 'Sharon', 'Jenkins');

INSERT INTO vet_specialties (vet_id, specialty_name) VALUES
    ('00000000-0000-0000-0003-000000000002', 'Radiology'),
    ('00000000-0000-0000-0003-000000000003', 'Surgery'),
    ('00000000-0000-0000-0003-000000000003', 'Dentistry'),
    ('00000000-0000-0000-0003-000000000004', 'Surgery'),
    ('00000000-0000-0000-0003-000000000005', 'Radiology');